Pop,Ind
California,ACP81-2
California,ACP81-3
California,ACP81-4
California,ACP81-5
California,ACP81-6
California,CCS1-3
California,CCS2-2
California,CCS2-3
California,CCS2-5
California,CE62-4
California,CE62-5
California,CE63-3
California,CE64-2
California,CE64-3
California,CE64-4
California,CE65-2
California,CE65-3
California,CE65-5
UK,Ch2
France,FP1
France,FP2
France,FP3
France,FP4
France,FP5
France,FR1
Turkey,KA1
Turkey,KA3
Turkey,KA5
Turkey,KAC10
Turkey,KAC11
Turkey,KAC12
Turkey,KAC13
Turkey,KAC14
Turkey,KAC15
Turkey,KAC17
Turkey,KAC18
Turkey,KAC19
Turkey,KAC2
Turkey,KAC20
Turkey,KAC21
Turkey,KAC3
Turkey,KAC4
Turkey,KAC5
Turkey,KAC6
Turkey,KAC7
Turkey,KAC8
Turkey,KAC9
Korea,KO-01
Korea,KO-02
Korea,KO-04
Korea,KO-06
Korea,KO-07
Korea,KO-08
Korea,KO-09
Korea,KO-11
Korea,KO-12
Korea,KO-13
Korea,KO-14
Korea,KO-15
Korea,KO-16
Korea,KO-17
Korea,KO-18
Korea,KO-19
Korea,KO-22
Korea,KO-23
Korea,KO-24
Korea,KO-25
Korea,KO-26
Korea,KO-27
Korea,KO-28
Korea,KO-29
Korea,KO-31
Korea,KO-32
Korea,KO-33
Korea,KO-34
Korea,KO-35
Korea,KO-36
Korea,KO-37
Korea,KO-41
Korea,KO-42
Korea,KO-44
Korea,KO-45-E2
Korea,KO-47-E2
Korea,KO-49-E2
Korea,KO-50-E2
Korea,KO-51-E2
Korea,KO-53-E2
Korea,KO-55
Korea,KO-59-E2
Korea,KO-63-E2
France,MP1a
France,MP1b
France,MP2
Mexico,MX-2
Mexico,MX3
Mexico,MX4
Mexico,MX5
California,R1
California,R10
California,R14
California,R3
California,R4
California,R5
SouthAfrica,SA1-10
SouthAfrica,SA1-11
SouthAfrica,SA1-2
SouthAfrica,SA1-3
SouthAfrica,SA1-4
SouthAfrica,SA1-5
SouthAfrica,SA1-6
SouthAfrica,SA1NA
SouthAfrica,SA2-1
SouthAfrica,SA2-10
SouthAfrica,SA2-11
SouthAfrica,SA2-12
SouthAfrica,SA2-13
SouthAfrica,SA2-14
SouthAfrica,SA2-15
SouthAfrica,SA2-16
SouthAfrica,SA2-17
SouthAfrica,SA2-19
SouthAfrica,SA2-20
SouthAfrica,SA2-21
SouthAfrica,SA2-22
SouthAfrica,SA2-23
SouthAfrica,SA2-24
SouthAfrica,SA2-3
SouthAfrica,SA2-5
SouthAfrica,SA2-6
SouthAfrica,SA2-8
SouthAfrica,SA2NA
California,SF02
California,SF03
California,SF04
California,SF05
California,SF06
California,SF07
California,SF08
California,SF09
California,SF10
California,SF11
California,SF12
California,SF13
California,SF14
California,SF15
California,SF16
California,SF17
California,SF18
California,SF19
California,SF20
California,SF21
California,SF22
California,SF23
California,SF25
California,SF26
California,SF27
California,SF28
California,SF29
California,SF30
California,SF31
California,SF33
California,SF34
California,SF37
California,SF38
California,SF39
California,SF40
Spain,SP11
Spain,SP12
Spain,SP13
Spain,SP15
Spain,SP17
Spain,SP18
Spain,SP19
Spain,SP21
Spain,SP22
Spain,SP23
Spain,SP24
Spain,SP26
Spain,SP28
Spain,SP29
Spain,SP33
Spain,SP36
Spain,SP37
Spain,SP39
Spain,SP40
Spain,SP41
Spain,SP42
Spain,SP43
Spain,SP44
Spain,SP45
Spain,SP46
Spain,SP47
Spain,SP48
Spain,SP49
Spain,SP50
Spain,SP51
Spain,SP52
Spain,SP53
Spain,SP54
Spain,SP55
Spain,SP56
Spain,SP57
Spain,SP58
Spain,SP59
Spain,SP60
California,TC1
California,TC3
California,TC4
Turkey,VA1
Turkey,VA2
Australia,AU1-1
Australia,AU1-2
California,CCS1-1
California,CCS1-2
California,CCS1-5
California,CCS2-4
California,CE62-1
California,CE62-3
California,CE63-1
California,CE63-2
California,CE63-4
California,CE63-5
California,CE64-5
France,FA1
France,FA2
France,FA3
France,FA5
France,FA6
France,FR3
France,FR4
Turkey,KA2
Turkey,KA4
Turkey,KAC16
Korea,KO-03
Korea,KO-05
Korea,KO-10
Korea,KO-20
Korea,KO-21
Korea,KO-43
Korea,KO-48-E2
Korea,KO-60-E2
Korea,KO-61-E2
Korea,KO-64-E2
France,MP3a
France,MP3b
France,MP4
Pakistan,PA54-5
California,R2
California,R7
SouthAfrica,SA2-18
SouthAfrica,SA2-2
SouthAfrica,SA2-4
SouthAfrica,SA2-7
California,SF24
California,SF35
California,SF36
Spain,SP14
Spain,SP16
Spain,SP25
Spain,SP27
Spain,SP30
Spain,SP31
Spain,SP32
Spain,SP34
Spain,SP35
Spain,SP55
Spain,SP56
Australia,BU1
Australia,BU2
California,CCS2-1
California,CE65-4
UK,Ch1
France,MP5
France,MP6
California,R6
California,SF01
California,CE62-2
California,CE65-1
UK,Ch3
Korea,KO-57-E2
Korea,KO-58-E2
Korea,KO-62-E2
UK,NHL 2
UK,NHL-1
California,R11
California,R8
California,ACP81-1
California,ACP82
California,ACP83
California,ACP84
California,ACP85
Australia,BU4
California,R13
SouthAfrica,SA1-1
Spain,SP05
Spain,SP38
